INSERT INTO "User" ("uuid", "firstName", "lastName", "username", "role", "email", "password")
VALUES ('dacdfcb2-b9f9-4bb1-a61c-9f41637d96c8',
        'Admin',
        'Istrator',
        'admin',
        'Admin',
        'admin@emerald.com',
        '$2b$10$VmeNNuedxhMVp3joJ43D4.D7zyfNiGpBaQ6GXoCoXwjxdIIZayfoS'),
       ('40ffd4b2-68a4-4309-9610-1c6b4e554d96',
        'Jane',
        'Doe',
        'project-owner',
        'Project Owner',
        'project@emerald.com',
        '$2b$10$VmeNNuedxhMVp3joJ43D4.D7zyfNiGpBaQ6GXoCoXwjxdIIZayfoS'),
       ('715d2bf3-a1f4-4332-8804-2f313e3dc1a9',
        'John',
        'Doe',
        'reviewer',
        'Reviewer',
        'review@emerald.com',
        '$2b$10$VmeNNuedxhMVp3joJ43D4.D7zyfNiGpBaQ6GXoCoXwjxdIIZayfoS'),
       ('7e22b3f4-a5e8-43f0-9b62-7b6f1e52d2c1',
        'Maggie',
        'Smith',
        'reviewer-smith',
        'Reviewer',
        'review.smith@emerald.com',
        '$2b$10$VmeNNuedxhMVp3joJ43D4.D7zyfNiGpBaQ6GXoCoXwjxdIIZayfoS'),
        ('92c5f9d3-3b8d-4ca6-a938-562a3e35f8c3',
        'Jacob',
        'Johnson',
        'reviewer-johnson',
        'Reviewer',
        'review.johnson@emerald.com',
        '$2b$10$VmeNNuedxhMVp3joJ43D4.D7zyfNiGpBaQ6GXoCoXwjxdIIZayfoS'),
        ('4f4b8dc7-d7d9-47b7-a4ef-61a6e67ec4f5',
        'Olivia',
        'Williams',
        'reviewer-williams',
        'Reviewer',
        'review.williams@emerald.com',
        '$2b$10$VmeNNuedxhMVp3joJ43D4.D7zyfNiGpBaQ6GXoCoXwjxdIIZayfoS'),
        ('5a347cc3-27e6-44f9-bec2-198dffeb89a7',
        'Daniel',
        'Brown',
        'reviewer-brown',
        'Reviewer',
        'review.brown@emerald.com',
        '$2b$10$VmeNNuedxhMVp3joJ43D4.D7zyfNiGpBaQ6GXoCoXwjxdIIZayfoS'),
        ('c47e6f29-8a27-48d8-a602-3d89e6c8fb93',
        'Jennifer',
        'Davis',
        'reviewer-davis',
        'Reviewer',
        'review.davis@emerald.com',
        '$2b$10$VmeNNuedxhMVp3joJ43D4.D7zyfNiGpBaQ6GXoCoXwjxdIIZayfoS');

INSERT INTO "Checklist" ("uuid", "title", "description", "ownerId", "dueDate")
VALUES ('5e85eea3-7cea-416d-85ee-a37cea516d78',
        'Checklist Homepage Design',
        'The Web Usability Checklist. The checklist covers 46 individual guidelines.',
        '40ffd4b2-68a4-4309-9610-1c6b4e554d96',
        '2025-01-30 23:00:00.000');

INSERT INTO "CriteriaGroup" ("uuid", "title", "description", "checklistId")
VALUES ('2a9bc67f-6eb2-4b6e-9bc6-7f6eb26b6eb3',
        'Performance and Accessibility',
        'Guidelines related to performance and basic accessibility.',
        '5e85eea3-7cea-416d-85ee-a37cea516d78'),
       ('981b7203-b24a-4b53-bf8d-b33ee5c259f1',
        'Design and Layout',
        'Guidelines for effective design and layout.',
        '5e85eea3-7cea-416d-85ee-a37cea516d78'),
       ('3f2bff33-69d7-4f5e-9cc5-9a8b2223f02c',
        'Navigation and Interaction',
        'Navigation and user interaction guidelines.',
        '5e85eea3-7cea-416d-85ee-a37cea516d78');

INSERT INTO "Criterion" ("uuid", "description", "type", "maxPoints", "groupId")
VALUES
('d568a98e-4a1d-43d2-a8a9-8e4a1db3d269', 'Download time should be less than 10 seconds (50 KB)', 'Points', 3, '2a9bc67f-6eb2-4b6e-9bc6-7f6eb26b6eb3'),
('e2f49b37-7c14-49d1-a6f2-9a2c34e57b18', 'Use a window title starting with the company name.', 'Points', 3, '2a9bc67f-6eb2-4b6e-9bc6-7f6eb26b6eb3'),
('f3a1c8b9-5e2d-4b6c-a7d3-8f2b9e4a37c9', 'Ensure the title tag line is relevant and includes a slogan.', 'Points', 3, '2a9bc67f-6eb2-4b6e-9bc6-7f6eb26b6eb3'),
('a4e2c9d7-8b12-45d1-a3f6-7e9b2f4c8d53', 'URL should be hackable and part of the UI.', 'Points', 2, '2a9bc67f-6eb2-4b6e-9bc6-7f6eb26b6eb3'),
('c7b8e2f9-6a3d-41b2-a4c8-9d5e2b1f7a4e', 'Implement proper error pages to handle broken links.', 'Points', 2, '2a9bc67f-6eb2-4b6e-9bc6-7f6eb26b6eb3'),
('d1f7a2e8-9c3b-42d1-a6b7-8f4e9a5c3d7b', 'Meta tags should be optimized for search engines.', 'Points', 3, '2a9bc67f-6eb2-4b6e-9bc6-7f6eb26b6eb3'),
('e4c9b1f2-3a8d-47d6-a2b7-9f3c8d7a1e6b', 'Include alternative information for images.', 'Points', 2, '2a9bc67f-6eb2-4b6e-9bc6-7f6eb26b6eb3'),
('f6a3b9e2-8d2b-4c7d-a5f9-2e3a7b1c9d4e', 'Maintain a page width of 770 pixels.', 'Points', 2, '981b7203-b24a-4b53-bf8d-b33ee5c259f1'),
('a9f1c7b8-2e3d-4b6f-a2d4-9c8e7b3a5d1c', 'Liquid layouts are preferable over frozen ones.', 'Points', 2, '981b7203-b24a-4b53-bf8d-b33ee5c259f1'),
('b4c9e2f7-3a1d-48b6-a5f9-7d1c3e8a2b4d', 'Page length should be less than 2 pages (1000-1600 px).', 'Points', 2, '981b7203-b24a-4b53-bf8d-b33ee5c259f1'),
('c8a1f9b7-4d3b-45e2-a7c9-6f3d1a2b7e4c', 'Avoid using frames for layout.', 'Points', 3, '981b7203-b24a-4b53-bf8d-b33ee5c259f1'),
('d2c7b8f9-1a4e-47d6-a3b2-9f8e3d1c7a5b', 'Place the logo in the upper-left corner.', 'Points', 3, '981b7203-b24a-4b53-bf8d-b33ee5c259f1'),
('e9b1f2a3-7c6d-42d8-a4b7-3d2f9c8e7b1a', 'Ensure the logo size is around 80x68 pixels.', 'Points', 2, '981b7203-b24a-4b53-bf8d-b33ee5c259f1'),
('f3d2a7b9-1c4e-45b6-a8f2-7e9c1d3a6b8f', 'Provide a search box prominently on the page.', 'Points', 3, '3f2bff33-69d7-4f5e-9cc5-9a8b2223f02c'),
('a7f9b2e8-4c1d-43b6-a3d9-8e2f7a5c1b6d', 'Position the search box at the top-right corner.', 'Points', 2, '3f2bff33-69d7-4f5e-9cc5-9a8b2223f02c'),
('e4a3d7b1-9f6e-4c2d-a5f9-7b2a8d1c3f4e', 'Use a white background for the search box.', 'Points', 3, '3f2bff33-69d7-4f5e-9cc5-9a8b2223f02c'),
('b1f3a7e9-4c5d-42d6-a2f8-9c7e1a3b6d4e', 'Label the search button as “Search” or “Go.”', 'Points', 2, '3f2bff33-69d7-4f5e-9cc5-9a8b2223f02c'),
('c2b8a1e7-9f5d-43d6-a3c9-7e4f1b2a3d8e', 'Set the search box width to at least 25 characters.', 'Points', 2, '3f2bff33-69d7-4f5e-9cc5-9a8b2223f02c'),
('f1a9e7c3-4b2d-42d8-a5f9-7c3d2a8b1e6f', 'Include simple search with a link to advanced options.', 'Points', 2, '3f2bff33-69d7-4f5e-9cc5-9a8b2223f02c'),
('e2c9b1a8-7f6d-41d6-a3f5-9d4b3e2a7c8f', 'Provide navigation in four types: left, tabs, top, categories.', 'Points', 2, '3f2bff33-69d7-4f5e-9cc5-9a8b2223f02c'),
('d3a8b1f9-4c7e-49d6-a5f2-9b2e3c1a7d8f', 'Limit footer navigation links to 7 items in one line.', 'Points', 1, '3f2bff33-69d7-4f5e-9cc5-9a8b2223f02c'),
('f8a3c7b2-9e5d-41d6-a5f2-3c9b1a7e6d4f', 'Provide a visible sitemap link.', 'Points', 2, '3f2bff33-69d7-4f5e-9cc5-9a8b2223f02c'),
('e1f9b2a7-4c6d-43d8-a5f3-9c2a7d3e8b4f', 'Avoid using routing pages.', 'Points', 2, '3f2bff33-69d7-4f5e-9cc5-9a8b2223f02c'),
('d8c7b1f2-3a9e-41d6-a5f9-2c7e3b1a9d4f', 'Avoid splash pages.', 'Points', 3, '3f2bff33-69d7-4f5e-9cc5-9a8b2223f02c'),
('b4f3a9c7-8d2e-47d6-a5f2-7e1c9a2b3d6f', 'Label sign-in options clearly.', 'Points', 1, '3f2bff33-69d7-4f5e-9cc5-9a8b2223f02c'),
('f9e1a7c3-4d2b-41d8-a5f2-9c7e3a1b6d4f', 'Always include information about the company.', 'Points', 3, '3f2bff33-69d7-4f5e-9cc5-9a8b2223f02c'),
('e7a3c1f9-4b2d-41d6-a5f8-9c2e7b3a1d8f', 'Label about links clearly, e.g., “About <Company>.”', 'Points', 2, '3f2bff33-69d7-4f5e-9cc5-9a8b2223f02c'),
('a5f9b2e7-4d3c-42d8-a7f3-9c8e1b3a6d4f', 'Label contact information clearly, e.g., “Contact us.”', 'Points', 2, '3f2bff33-69d7-4f5e-9cc5-9a8b2223f02c'),
('e2b8f3a7-9c4d-47d6-a5f9-3b1a7c2e8d6f', 'Provide a clear privacy policy.', 'Points', 3, '3f2bff33-69d7-4f5e-9cc5-9a8b2223f02c'),
('f4b2e7c9-1d6a-49f8-a3b9-7c3e2a9d8f6b', 'Ensure a visible and functional home button.', 'Points', 3, '3f2bff33-69d7-4f5e-9cc5-9a8b2223f02c'),
('d8a9f1b2-3c4e-42d6-a7f3-9b2e7c1a8f6d', 'Include information about job openings if available.', 'Points', 2, '3f2bff33-69d7-4f5e-9cc5-9a8b2223f02c'),
('e4c1b7f9-2a6d-49d6-a5f2-9c8e3a1d7b4f', 'Provide help for complex sites.', 'Points', 1, '3f2bff33-69d7-4f5e-9cc5-9a8b2223f02c'),
('b1f3a8d7-4c6e-45d2-a9f8-3e7c2a9d6b4f', 'Place help in the upper-right corner.', 'Points', 2, '3f2bff33-69d7-4f5e-9cc5-9a8b2223f02c'),
('d9e7a4c1-2b6f-41d8-a3f2-9b1a8c3d6f4e', 'Do not include auto-playing music.', 'Points', 3, '981b7203-b24a-4b53-bf8d-b33ee5c259f1'),
('f3a9e7c2-4b6d-42f8-a5b1-9c2e7d3a1f6b', 'Limit animations for better usability.', 'Points', 2, '981b7203-b24a-4b53-bf8d-b33ee5c259f1'),
('e8b2f3a7-4c6d-41d8-a9f2-7c3b1a5e9d4f', 'Use 5-15% of graphics or illustrations.', 'Points', 1, '981b7203-b24a-4b53-bf8d-b33ee5c259f1'),
('b7e1a9f2-4d3c-42d8-a5f3-9c2e7a6b1d8f', 'Limit advertising to 3 or fewer.', 'Points', 2, '981b7203-b24a-4b53-bf8d-b33ee5c259f1'),
('e3a1b9f7-4c6d-43d2-a5f8-9c7e1a8b2d6f', 'Use black for body text.', 'Points', 2, '981b7203-b24a-4b53-bf8d-b33ee5c259f1'),
('d1a9b7e3-4c5d-42d6-a5f8-9b3e1a7c2d9f', 'Set body text size to 12 points.', 'Points', 1, '981b7203-b24a-4b53-bf8d-b33ee5c259f1'),
('f8a1c7b9-4e3d-42d6-a5f3-9b2e7c1a9d6f', 'Avoid frozen body text sizes.', 'Points', 3, '981b7203-b24a-4b53-bf8d-b33ee5c259f1'),
('e3c1b7a9-4d2f-42d6-a5f8-9b2a7c1e9d4f', 'Use sans-serif fonts for body text.', 'Points', 1, '981b7203-b24a-4b53-bf8d-b33ee5c259f1'),
('d1e7a3b9-4c2f-42d8-a5f3-9c2b1a8e7d6f', 'Set the background color to white.', 'Points', 2, '981b7203-b24a-4b53-bf8d-b33ee5c259f1'),
('e8a1b9f3-4d7c-42d6-a5f2-9c3e7a2b1d6f', 'Use blue for unvisited links.', 'Points', 2, '3f2bff33-69d7-4f5e-9cc5-9a8b2223f02c'),
('f3e9b7a1-4c5d-42d8-a5f8-9c2a7d3e1b6f', 'Use purple for visited links.', 'Points', 1, '3f2bff33-69d7-4f5e-9cc5-9a8b2223f02c'),
('d9a1f7b3-4c2d-42d6-a5f3-9b1a8c7e2d9f', 'Ensure visited and unvisited links have different colors.', 'Points', 3, '3f2bff33-69d7-4f5e-9cc5-9a8b2223f02c'),
('f1e7a3b9-4c5d-42d6-a5f2-9c2a7b1d8e6f', 'Underlining should be used for links, except in navigation.', 'Points', 2, '3f2bff33-69d7-4f5e-9cc5-9a8b2223f02c');


INSERT INTO "Review" ("uuid", "userId", "checklistId")
VALUES      ('f085c223-a5c6-470d-85c2-23a5c6f70d6a','715d2bf3-a1f4-4332-8804-2f313e3dc1a9','5e85eea3-7cea-416d-85ee-a37cea516d78'),
    ('1a72c5e8-bd5a-4f81-8f72-5c7e8bd5a1f2', '7e22b3f4-a5e8-43f0-9b62-7b6f1e52d2c1', '5e85eea3-7cea-416d-85ee-a37cea516d78'),
    ('4d45f9f1-cf6b-4a92-9e63-d7e9cf6b2b3c', '92c5f9d3-3b8d-4ca6-a938-562a3e35f8c3', '5e85eea3-7cea-416d-85ee-a37cea516d78'),
    ('3c54e8f0-de7c-4ba3-a054-e8f0de7c3c4d', '4f4b8dc7-d7d9-47b7-a4ef-61a6e67ec4f5', '5e85eea3-7cea-416d-85ee-a37cea516d78'),
    ('4d45f9f1-ef8d-4cb4-b145-f9f1ef8d4d5e', '5a347cc3-27e6-44f9-bec2-198dffeb89a7', '5e85eea3-7cea-416d-85ee-a37cea516d78'),
    ('2b63d7e9-cf6b-4a92-9e63-d7e9cf6b2b3c', 'c47e6f29-8a27-48d8-a602-3d89e6c8fb93', '5e85eea3-7cea-416d-85ee-a37cea516d78');

INSERT INTO "ReviewResult" ("reviewId", "criterionId", "status", "comments")
VALUES     ('1a72c5e8-bd5a-4f81-8f72-5c7e8bd5a1f2', 'd568a98e-4a1d-43d2-a8a9-8e4a1db3d269', 'PENDING', ''),
    ('1a72c5e8-bd5a-4f81-8f72-5c7e8bd5a1f2', 'e2f49b37-7c14-49d1-a6f2-9a2c34e57b18', 'PENDING', ''),
    ('1a72c5e8-bd5a-4f81-8f72-5c7e8bd5a1f2', 'f3a1c8b9-5e2d-4b6c-a7d3-8f2b9e4a37c9', 'PENDING', ''),
    ('1a72c5e8-bd5a-4f81-8f72-5c7e8bd5a1f2', 'a4e2c9d7-8b12-45d1-a3f6-7e9b2f4c8d53', 'PENDING', ''),
    ('1a72c5e8-bd5a-4f81-8f72-5c7e8bd5a1f2', 'c7b8e2f9-6a3d-41b2-a4c8-9d5e2b1f7a4e', 'PENDING', ''),
    ('1a72c5e8-bd5a-4f81-8f72-5c7e8bd5a1f2', 'd1f7a2e8-9c3b-42d1-a6b7-8f4e9a5c3d7b', 'PENDING', ''),
    ('1a72c5e8-bd5a-4f81-8f72-5c7e8bd5a1f2', 'e4c9b1f2-3a8d-47d6-a2b7-9f3c8d7a1e6b', 'PENDING', ''),
    ('1a72c5e8-bd5a-4f81-8f72-5c7e8bd5a1f2', 'f6a3b9e2-8d2b-4c7d-a5f9-2e3a7b1c9d4e', 'PENDING', ''),
    ('1a72c5e8-bd5a-4f81-8f72-5c7e8bd5a1f2', 'a9f1c7b8-2e3d-4b6f-a2d4-9c8e7b3a5d1c', 'PENDING', ''),
    ('1a72c5e8-bd5a-4f81-8f72-5c7e8bd5a1f2', 'b4c9e2f7-3a1d-48b6-a5f9-7d1c3e8a2b4d', 'PENDING', ''),
    ('1a72c5e8-bd5a-4f81-8f72-5c7e8bd5a1f2', 'c8a1f9b7-4d3b-45e2-a7c9-6f3d1a2b7e4c', 'PENDING', ''),
    ('1a72c5e8-bd5a-4f81-8f72-5c7e8bd5a1f2', 'd2c7b8f9-1a4e-47d6-a3b2-9f8e3d1c7a5b', 'PENDING', ''),
    ('1a72c5e8-bd5a-4f81-8f72-5c7e8bd5a1f2', 'e9b1f2a3-7c6d-42d8-a4b7-3d2f9c8e7b1a', 'PENDING', ''),
    ('1a72c5e8-bd5a-4f81-8f72-5c7e8bd5a1f2', 'f3d2a7b9-1c4e-45b6-a8f2-7e9c1d3a6b8f', 'PENDING', ''),
    ('1a72c5e8-bd5a-4f81-8f72-5c7e8bd5a1f2', 'a7f9b2e8-4c1d-43b6-a3d9-8e2f7a5c1b6d', 'PENDING', ''),
    ('1a72c5e8-bd5a-4f81-8f72-5c7e8bd5a1f2', 'e4a3d7b1-9f6e-4c2d-a5f9-7b2a8d1c3f4e', 'PENDING', ''),
    ('1a72c5e8-bd5a-4f81-8f72-5c7e8bd5a1f2', 'b1f3a7e9-4c5d-42d6-a2f8-9c7e1a3b6d4e', 'PENDING', ''),
    ('1a72c5e8-bd5a-4f81-8f72-5c7e8bd5a1f2', 'c2b8a1e7-9f5d-43d6-a3c9-7e4f1b2a3d8e', 'PENDING', ''),
    ('1a72c5e8-bd5a-4f81-8f72-5c7e8bd5a1f2', 'f1a9e7c3-4b2d-42d8-a5f9-7c3d2a8b1e6f', 'PENDING', ''),
    ('1a72c5e8-bd5a-4f81-8f72-5c7e8bd5a1f2', 'e2c9b1a8-7f6d-41d6-a3f5-9d4b3e2a7c8f', 'PENDING', ''),
    ('1a72c5e8-bd5a-4f81-8f72-5c7e8bd5a1f2', 'd3a8b1f9-4c7e-49d6-a5f2-9b2e3c1a7d8f', 'PENDING', ''),
    ('1a72c5e8-bd5a-4f81-8f72-5c7e8bd5a1f2', 'f8a3c7b2-9e5d-41d6-a5f2-3c9b1a7e6d4f', 'PENDING', ''),
    ('1a72c5e8-bd5a-4f81-8f72-5c7e8bd5a1f2', 'e1f9b2a7-4c6d-43d8-a5f3-9c2a7d3e8b4f', 'PENDING', ''),
    ('1a72c5e8-bd5a-4f81-8f72-5c7e8bd5a1f2', 'd8c7b1f2-3a9e-41d6-a5f9-2c7e3b1a9d4f', 'PENDING', ''),
    ('1a72c5e8-bd5a-4f81-8f72-5c7e8bd5a1f2', 'b4f3a9c7-8d2e-47d6-a5f2-7e1c9a2b3d6f', 'PENDING', ''),
    ('1a72c5e8-bd5a-4f81-8f72-5c7e8bd5a1f2', 'f9e1a7c3-4d2b-41d8-a5f2-9c7e3a1b6d4f', 'PENDING', ''),
    ('1a72c5e8-bd5a-4f81-8f72-5c7e8bd5a1f2', 'e7a3c1f9-4b2d-41d6-a5f8-9c2e7b3a1d8f', 'PENDING', ''),
    ('1a72c5e8-bd5a-4f81-8f72-5c7e8bd5a1f2', 'a5f9b2e7-4d3c-42d8-a7f3-9c8e1b3a6d4f', 'PENDING', ''),
    ('1a72c5e8-bd5a-4f81-8f72-5c7e8bd5a1f2', 'e2b8f3a7-9c4d-47d6-a5f9-3b1a7c2e8d6f', 'PENDING', ''),
    ('1a72c5e8-bd5a-4f81-8f72-5c7e8bd5a1f2', 'f4b2e7c9-1d6a-49f8-a3b9-7c3e2a9d8f6b', 'PENDING', ''),
    ('1a72c5e8-bd5a-4f81-8f72-5c7e8bd5a1f2', 'd8a9f1b2-3c4e-42d6-a7f3-9b2e7c1a8f6d', 'PENDING', ''),
    ('1a72c5e8-bd5a-4f81-8f72-5c7e8bd5a1f2', 'e4c1b7f9-2a6d-49d6-a5f2-9c8e3a1d7b4f', 'PENDING', ''),
    ('1a72c5e8-bd5a-4f81-8f72-5c7e8bd5a1f2', 'b1f3a8d7-4c6e-45d2-a9f8-3e7c2a9d6b4f', 'PENDING', ''),
    ('1a72c5e8-bd5a-4f81-8f72-5c7e8bd5a1f2', 'd9e7a4c1-2b6f-41d8-a3f2-9b1a8c3d6f4e', 'PENDING', ''),
    ('1a72c5e8-bd5a-4f81-8f72-5c7e8bd5a1f2', 'f3a9e7c2-4b6d-42f8-a5b1-9c2e7d3a1f6b', 'PENDING', ''),
    ('1a72c5e8-bd5a-4f81-8f72-5c7e8bd5a1f2', 'e8b2f3a7-4c6d-41d8-a9f2-7c3b1a5e9d4f', 'PENDING', ''),
    ('1a72c5e8-bd5a-4f81-8f72-5c7e8bd5a1f2', 'b7e1a9f2-4d3c-42d8-a5f3-9c2e7a6b1d8f', 'PENDING', ''),
    ('1a72c5e8-bd5a-4f81-8f72-5c7e8bd5a1f2', 'e3a1b9f7-4c6d-43d2-a5f8-9c7e1a8b2d6f', 'PENDING', ''),
    ('1a72c5e8-bd5a-4f81-8f72-5c7e8bd5a1f2', 'd1a9b7e3-4c5d-42d6-a5f8-9b3e1a7c2d9f', 'PENDING', ''),
    ('1a72c5e8-bd5a-4f81-8f72-5c7e8bd5a1f2', 'f8a1c7b9-4e3d-42d6-a5f3-9b2e7c1a9d6f', 'PENDING', ''),
    ('1a72c5e8-bd5a-4f81-8f72-5c7e8bd5a1f2', 'e3c1b7a9-4d2f-42d6-a5f8-9b2a7c1e9d4f', 'PENDING', ''),
    ('1a72c5e8-bd5a-4f81-8f72-5c7e8bd5a1f2', 'd1e7a3b9-4c2f-42d8-a5f3-9c2b1a8e7d6f', 'PENDING', ''),
    ('1a72c5e8-bd5a-4f81-8f72-5c7e8bd5a1f2', 'e8a1b9f3-4d7c-42d6-a5f2-9c3e7a2b1d6f', 'PENDING', ''),
    ('1a72c5e8-bd5a-4f81-8f72-5c7e8bd5a1f2', 'f3e9b7a1-4c5d-42d8-a5f8-9c2a7d3e1b6f', 'PENDING', ''),
    ('1a72c5e8-bd5a-4f81-8f72-5c7e8bd5a1f2', 'd9a1f7b3-4c2d-42d6-a5f3-9b1a8c7e2d9f', 'PENDING', ''),
    ('1a72c5e8-bd5a-4f81-8f72-5c7e8bd5a1f2', 'f1e7a3b9-4c5d-42d6-a5f2-9c2a7b1d8e6f', 'PENDING', ''),
    ('f085c223-a5c6-470d-85c2-23a5c6f70d6a', 'd568a98e-4a1d-43d2-a8a9-8e4a1db3d269', 'PENDING', ''),
    ('f085c223-a5c6-470d-85c2-23a5c6f70d6a', 'e2f49b37-7c14-49d1-a6f2-9a2c34e57b18', 'PENDING', ''),
    ('f085c223-a5c6-470d-85c2-23a5c6f70d6a', 'f3a1c8b9-5e2d-4b6c-a7d3-8f2b9e4a37c9', 'PENDING', ''),
    ('f085c223-a5c6-470d-85c2-23a5c6f70d6a', 'a4e2c9d7-8b12-45d1-a3f6-7e9b2f4c8d53', 'PENDING', ''),
    ('f085c223-a5c6-470d-85c2-23a5c6f70d6a', 'c7b8e2f9-6a3d-41b2-a4c8-9d5e2b1f7a4e', 'PENDING', ''),
    ('f085c223-a5c6-470d-85c2-23a5c6f70d6a', 'd1f7a2e8-9c3b-42d1-a6b7-8f4e9a5c3d7b', 'PENDING', ''),
    ('f085c223-a5c6-470d-85c2-23a5c6f70d6a', 'e4c9b1f2-3a8d-47d6-a2b7-9f3c8d7a1e6b', 'PENDING', ''),
    ('f085c223-a5c6-470d-85c2-23a5c6f70d6a', 'f6a3b9e2-8d2b-4c7d-a5f9-2e3a7b1c9d4e', 'PENDING', ''),
    ('f085c223-a5c6-470d-85c2-23a5c6f70d6a', 'a9f1c7b8-2e3d-4b6f-a2d4-9c8e7b3a5d1c', 'PENDING', ''),
    ('f085c223-a5c6-470d-85c2-23a5c6f70d6a', 'b4c9e2f7-3a1d-48b6-a5f9-7d1c3e8a2b4d', 'PENDING', ''),
    ('f085c223-a5c6-470d-85c2-23a5c6f70d6a', 'c8a1f9b7-4d3b-45e2-a7c9-6f3d1a2b7e4c', 'PENDING', ''),
    ('f085c223-a5c6-470d-85c2-23a5c6f70d6a', 'd2c7b8f9-1a4e-47d6-a3b2-9f8e3d1c7a5b', 'PENDING', ''),
    ('f085c223-a5c6-470d-85c2-23a5c6f70d6a', 'e9b1f2a3-7c6d-42d8-a4b7-3d2f9c8e7b1a', 'PENDING', ''),
    ('f085c223-a5c6-470d-85c2-23a5c6f70d6a', 'f3d2a7b9-1c4e-45b6-a8f2-7e9c1d3a6b8f', 'PENDING', ''),
    ('f085c223-a5c6-470d-85c2-23a5c6f70d6a', 'a7f9b2e8-4c1d-43b6-a3d9-8e2f7a5c1b6d', 'PENDING', ''),
    ('f085c223-a5c6-470d-85c2-23a5c6f70d6a', 'e4a3d7b1-9f6e-4c2d-a5f9-7b2a8d1c3f4e', 'PENDING', ''),
    ('f085c223-a5c6-470d-85c2-23a5c6f70d6a', 'b1f3a7e9-4c5d-42d6-a2f8-9c7e1a3b6d4e', 'PENDING', ''),
    ('f085c223-a5c6-470d-85c2-23a5c6f70d6a', 'c2b8a1e7-9f5d-43d6-a3c9-7e4f1b2a3d8e', 'PENDING', ''),
    ('f085c223-a5c6-470d-85c2-23a5c6f70d6a', 'f1a9e7c3-4b2d-42d8-a5f9-7c3d2a8b1e6f', 'PENDING', ''),
    ('f085c223-a5c6-470d-85c2-23a5c6f70d6a', 'e2c9b1a8-7f6d-41d6-a3f5-9d4b3e2a7c8f', 'PENDING', ''),
    ('f085c223-a5c6-470d-85c2-23a5c6f70d6a', 'd3a8b1f9-4c7e-49d6-a5f2-9b2e3c1a7d8f', 'PENDING', ''),
    ('f085c223-a5c6-470d-85c2-23a5c6f70d6a', 'f8a3c7b2-9e5d-41d6-a5f2-3c9b1a7e6d4f', 'PENDING', ''),
    ('f085c223-a5c6-470d-85c2-23a5c6f70d6a', 'e1f9b2a7-4c6d-43d8-a5f3-9c2a7d3e8b4f', 'PENDING', ''),
    ('f085c223-a5c6-470d-85c2-23a5c6f70d6a', 'd8c7b1f2-3a9e-41d6-a5f9-2c7e3b1a9d4f', 'PENDING', ''),
    ('f085c223-a5c6-470d-85c2-23a5c6f70d6a', 'b4f3a9c7-8d2e-47d6-a5f2-7e1c9a2b3d6f', 'PENDING', ''),
    ('f085c223-a5c6-470d-85c2-23a5c6f70d6a', 'f9e1a7c3-4d2b-41d8-a5f2-9c7e3a1b6d4f', 'PENDING', ''),
    ('f085c223-a5c6-470d-85c2-23a5c6f70d6a', 'e7a3c1f9-4b2d-41d6-a5f8-9c2e7b3a1d8f', 'PENDING', ''),
    ('f085c223-a5c6-470d-85c2-23a5c6f70d6a', 'a5f9b2e7-4d3c-42d8-a7f3-9c8e1b3a6d4f', 'PENDING', ''),
    ('f085c223-a5c6-470d-85c2-23a5c6f70d6a', 'e2b8f3a7-9c4d-47d6-a5f9-3b1a7c2e8d6f', 'PENDING', ''),
    ('f085c223-a5c6-470d-85c2-23a5c6f70d6a', 'f4b2e7c9-1d6a-49f8-a3b9-7c3e2a9d8f6b', 'PENDING', ''),
    ('f085c223-a5c6-470d-85c2-23a5c6f70d6a', 'd8a9f1b2-3c4e-42d6-a7f3-9b2e7c1a8f6d', 'PENDING', ''),
    ('f085c223-a5c6-470d-85c2-23a5c6f70d6a', 'e4c1b7f9-2a6d-49d6-a5f2-9c8e3a1d7b4f', 'PENDING', ''),
    ('f085c223-a5c6-470d-85c2-23a5c6f70d6a', 'b1f3a8d7-4c6e-45d2-a9f8-3e7c2a9d6b4f', 'PENDING', ''),
    ('f085c223-a5c6-470d-85c2-23a5c6f70d6a', 'd9e7a4c1-2b6f-41d8-a3f2-9b1a8c3d6f4e', 'PENDING', ''),
    ('f085c223-a5c6-470d-85c2-23a5c6f70d6a', 'f3a9e7c2-4b6d-42f8-a5b1-9c2e7d3a1f6b', 'PENDING', ''),
    ('f085c223-a5c6-470d-85c2-23a5c6f70d6a', 'e8b2f3a7-4c6d-41d8-a9f2-7c3b1a5e9d4f', 'PENDING', ''),
    ('f085c223-a5c6-470d-85c2-23a5c6f70d6a', 'b7e1a9f2-4d3c-42d8-a5f3-9c2e7a6b1d8f', 'PENDING', ''),
    ('f085c223-a5c6-470d-85c2-23a5c6f70d6a', 'e3a1b9f7-4c6d-43d2-a5f8-9c7e1a8b2d6f', 'PENDING', ''),
    ('f085c223-a5c6-470d-85c2-23a5c6f70d6a', 'd1a9b7e3-4c5d-42d6-a5f8-9b3e1a7c2d9f', 'PENDING', ''),
    ('f085c223-a5c6-470d-85c2-23a5c6f70d6a', 'f8a1c7b9-4e3d-42d6-a5f3-9b2e7c1a9d6f', 'PENDING', ''),
    ('f085c223-a5c6-470d-85c2-23a5c6f70d6a', 'e3c1b7a9-4d2f-42d6-a5f8-9b2a7c1e9d4f', 'PENDING', ''),
    ('f085c223-a5c6-470d-85c2-23a5c6f70d6a', 'd1e7a3b9-4c2f-42d8-a5f3-9c2b1a8e7d6f', 'PENDING', ''),
    ('f085c223-a5c6-470d-85c2-23a5c6f70d6a', 'e8a1b9f3-4d7c-42d6-a5f2-9c3e7a2b1d6f', 'PENDING', ''),
    ('f085c223-a5c6-470d-85c2-23a5c6f70d6a', 'f3e9b7a1-4c5d-42d8-a5f8-9c2a7d3e1b6f', 'PENDING', ''),
    ('f085c223-a5c6-470d-85c2-23a5c6f70d6a', 'd9a1f7b3-4c2d-42d6-a5f3-9b1a8c7e2d9f', 'PENDING', ''),
    ('f085c223-a5c6-470d-85c2-23a5c6f70d6a', 'f1e7a3b9-4c5d-42d6-a5f2-9c2a7b1d8e6f', 'PENDING', ''),
    ('4d45f9f1-cf6b-4a92-9e63-d7e9cf6b2b3c', 'd568a98e-4a1d-43d2-a8a9-8e4a1db3d269', 'PENDING', ''),
    ('4d45f9f1-cf6b-4a92-9e63-d7e9cf6b2b3c', 'e2f49b37-7c14-49d1-a6f2-9a2c34e57b18', 'PENDING', ''),
    ('4d45f9f1-cf6b-4a92-9e63-d7e9cf6b2b3c', 'f3a1c8b9-5e2d-4b6c-a7d3-8f2b9e4a37c9', 'PENDING', ''),
    ('4d45f9f1-cf6b-4a92-9e63-d7e9cf6b2b3c', 'a4e2c9d7-8b12-45d1-a3f6-7e9b2f4c8d53', 'PENDING', ''),
    ('4d45f9f1-cf6b-4a92-9e63-d7e9cf6b2b3c', 'c7b8e2f9-6a3d-41b2-a4c8-9d5e2b1f7a4e', 'PENDING', ''),
    ('4d45f9f1-cf6b-4a92-9e63-d7e9cf6b2b3c', 'd1f7a2e8-9c3b-42d1-a6b7-8f4e9a5c3d7b', 'PENDING', ''),
    ('4d45f9f1-cf6b-4a92-9e63-d7e9cf6b2b3c', 'e4c9b1f2-3a8d-47d6-a2b7-9f3c8d7a1e6b', 'PENDING', ''),
    ('4d45f9f1-cf6b-4a92-9e63-d7e9cf6b2b3c', 'f6a3b9e2-8d2b-4c7d-a5f9-2e3a7b1c9d4e', 'PENDING', ''),
    ('4d45f9f1-cf6b-4a92-9e63-d7e9cf6b2b3c', 'a9f1c7b8-2e3d-4b6f-a2d4-9c8e7b3a5d1c', 'PENDING', ''),
    ('4d45f9f1-cf6b-4a92-9e63-d7e9cf6b2b3c', 'b4c9e2f7-3a1d-48b6-a5f9-7d1c3e8a2b4d', 'PENDING', ''),
    ('4d45f9f1-cf6b-4a92-9e63-d7e9cf6b2b3c', 'c8a1f9b7-4d3b-45e2-a7c9-6f3d1a2b7e4c', 'PENDING', ''),
    ('4d45f9f1-cf6b-4a92-9e63-d7e9cf6b2b3c', 'd2c7b8f9-1a4e-47d6-a3b2-9f8e3d1c7a5b', 'PENDING', ''),
    ('4d45f9f1-cf6b-4a92-9e63-d7e9cf6b2b3c', 'e9b1f2a3-7c6d-42d8-a4b7-3d2f9c8e7b1a', 'PENDING', ''),
    ('4d45f9f1-cf6b-4a92-9e63-d7e9cf6b2b3c', 'f3d2a7b9-1c4e-45b6-a8f2-7e9c1d3a6b8f', 'PENDING', ''),
    ('4d45f9f1-cf6b-4a92-9e63-d7e9cf6b2b3c', 'a7f9b2e8-4c1d-43b6-a3d9-8e2f7a5c1b6d', 'PENDING', ''),
    ('4d45f9f1-cf6b-4a92-9e63-d7e9cf6b2b3c', 'e4a3d7b1-9f6e-4c2d-a5f9-7b2a8d1c3f4e', 'PENDING', ''),
    ('4d45f9f1-cf6b-4a92-9e63-d7e9cf6b2b3c', 'b1f3a7e9-4c5d-42d6-a2f8-9c7e1a3b6d4e', 'PENDING', ''),
    ('4d45f9f1-cf6b-4a92-9e63-d7e9cf6b2b3c', 'c2b8a1e7-9f5d-43d6-a3c9-7e4f1b2a3d8e', 'PENDING', ''),
    ('4d45f9f1-cf6b-4a92-9e63-d7e9cf6b2b3c', 'f1a9e7c3-4b2d-42d8-a5f9-7c3d2a8b1e6f', 'PENDING', ''),
    ('4d45f9f1-cf6b-4a92-9e63-d7e9cf6b2b3c', 'e2c9b1a8-7f6d-41d6-a3f5-9d4b3e2a7c8f', 'PENDING', ''),
    ('4d45f9f1-cf6b-4a92-9e63-d7e9cf6b2b3c', 'd3a8b1f9-4c7e-49d6-a5f2-9b2e3c1a7d8f', 'PENDING', ''),
    ('4d45f9f1-cf6b-4a92-9e63-d7e9cf6b2b3c', 'f8a3c7b2-9e5d-41d6-a5f2-3c9b1a7e6d4f', 'PENDING', ''),
    ('4d45f9f1-cf6b-4a92-9e63-d7e9cf6b2b3c', 'e1f9b2a7-4c6d-43d8-a5f3-9c2a7d3e8b4f', 'PENDING', ''),
    ('4d45f9f1-cf6b-4a92-9e63-d7e9cf6b2b3c', 'd8c7b1f2-3a9e-41d6-a5f9-2c7e3b1a9d4f', 'PENDING', ''),
    ('4d45f9f1-cf6b-4a92-9e63-d7e9cf6b2b3c', 'b4f3a9c7-8d2e-47d6-a5f2-7e1c9a2b3d6f', 'PENDING', ''),
    ('4d45f9f1-cf6b-4a92-9e63-d7e9cf6b2b3c', 'f9e1a7c3-4d2b-41d8-a5f2-9c7e3a1b6d4f', 'PENDING', ''),
    ('4d45f9f1-cf6b-4a92-9e63-d7e9cf6b2b3c', 'e7a3c1f9-4b2d-41d6-a5f8-9c2e7b3a1d8f', 'PENDING', ''),
    ('4d45f9f1-cf6b-4a92-9e63-d7e9cf6b2b3c', 'a5f9b2e7-4d3c-42d8-a7f3-9c8e1b3a6d4f', 'PENDING', ''),
    ('4d45f9f1-cf6b-4a92-9e63-d7e9cf6b2b3c', 'e2b8f3a7-9c4d-47d6-a5f9-3b1a7c2e8d6f', 'PENDING', ''),
    ('4d45f9f1-cf6b-4a92-9e63-d7e9cf6b2b3c', 'f4b2e7c9-1d6a-49f8-a3b9-7c3e2a9d8f6b', 'PENDING', ''),
    ('4d45f9f1-cf6b-4a92-9e63-d7e9cf6b2b3c', 'd8a9f1b2-3c4e-42d6-a7f3-9b2e7c1a8f6d', 'PENDING', ''),
    ('4d45f9f1-cf6b-4a92-9e63-d7e9cf6b2b3c', 'e4c1b7f9-2a6d-49d6-a5f2-9c8e3a1d7b4f', 'PENDING', ''),
    ('4d45f9f1-cf6b-4a92-9e63-d7e9cf6b2b3c', 'b1f3a8d7-4c6e-45d2-a9f8-3e7c2a9d6b4f', 'PENDING', ''),
    ('4d45f9f1-cf6b-4a92-9e63-d7e9cf6b2b3c', 'd9e7a4c1-2b6f-41d8-a3f2-9b1a8c3d6f4e', 'PENDING', ''),
    ('4d45f9f1-cf6b-4a92-9e63-d7e9cf6b2b3c', 'f3a9e7c2-4b6d-42f8-a5b1-9c2e7d3a1f6b', 'PENDING', ''),
    ('4d45f9f1-cf6b-4a92-9e63-d7e9cf6b2b3c', 'e8b2f3a7-4c6d-41d8-a9f2-7c3b1a5e9d4f', 'PENDING', ''),
    ('4d45f9f1-cf6b-4a92-9e63-d7e9cf6b2b3c', 'b7e1a9f2-4d3c-42d8-a5f3-9c2e7a6b1d8f', 'PENDING', ''),
    ('4d45f9f1-cf6b-4a92-9e63-d7e9cf6b2b3c', 'e3a1b9f7-4c6d-43d2-a5f8-9c7e1a8b2d6f', 'PENDING', ''),
    ('4d45f9f1-cf6b-4a92-9e63-d7e9cf6b2b3c', 'd1a9b7e3-4c5d-42d6-a5f8-9b3e1a7c2d9f', 'PENDING', ''),
    ('4d45f9f1-cf6b-4a92-9e63-d7e9cf6b2b3c', 'f8a1c7b9-4e3d-42d6-a5f3-9b2e7c1a9d6f', 'PENDING', ''),
    ('4d45f9f1-cf6b-4a92-9e63-d7e9cf6b2b3c', 'e3c1b7a9-4d2f-42d6-a5f8-9b2a7c1e9d4f', 'PENDING', ''),
    ('4d45f9f1-cf6b-4a92-9e63-d7e9cf6b2b3c', 'd1e7a3b9-4c2f-42d8-a5f3-9c2b1a8e7d6f', 'PENDING', ''),
    ('4d45f9f1-cf6b-4a92-9e63-d7e9cf6b2b3c', 'e8a1b9f3-4d7c-42d6-a5f2-9c3e7a2b1d6f', 'PENDING', ''),
    ('4d45f9f1-cf6b-4a92-9e63-d7e9cf6b2b3c', 'f3e9b7a1-4c5d-42d8-a5f8-9c2a7d3e1b6f', 'PENDING', ''),
    ('4d45f9f1-cf6b-4a92-9e63-d7e9cf6b2b3c', 'd9a1f7b3-4c2d-42d6-a5f3-9b1a8c7e2d9f', 'PENDING', ''),
    ('4d45f9f1-cf6b-4a92-9e63-d7e9cf6b2b3c', 'f1e7a3b9-4c5d-42d6-a5f2-9c2a7b1d8e6f', 'PENDING', ''),
    ('3c54e8f0-de7c-4ba3-a054-e8f0de7c3c4d', 'd568a98e-4a1d-43d2-a8a9-8e4a1db3d269', 'PENDING', ''),
    ('3c54e8f0-de7c-4ba3-a054-e8f0de7c3c4d', 'e2f49b37-7c14-49d1-a6f2-9a2c34e57b18', 'PENDING', ''),
    ('3c54e8f0-de7c-4ba3-a054-e8f0de7c3c4d', 'f3a1c8b9-5e2d-4b6c-a7d3-8f2b9e4a37c9', 'PENDING', ''),
    ('3c54e8f0-de7c-4ba3-a054-e8f0de7c3c4d', 'a4e2c9d7-8b12-45d1-a3f6-7e9b2f4c8d53', 'PENDING', ''),
    ('3c54e8f0-de7c-4ba3-a054-e8f0de7c3c4d', 'c7b8e2f9-6a3d-41b2-a4c8-9d5e2b1f7a4e', 'PENDING', ''),
    ('3c54e8f0-de7c-4ba3-a054-e8f0de7c3c4d', 'd1f7a2e8-9c3b-42d1-a6b7-8f4e9a5c3d7b', 'PENDING', ''),
    ('3c54e8f0-de7c-4ba3-a054-e8f0de7c3c4d', 'e4c9b1f2-3a8d-47d6-a2b7-9f3c8d7a1e6b', 'PENDING', ''),
    ('3c54e8f0-de7c-4ba3-a054-e8f0de7c3c4d', 'f6a3b9e2-8d2b-4c7d-a5f9-2e3a7b1c9d4e', 'PENDING', ''),
    ('3c54e8f0-de7c-4ba3-a054-e8f0de7c3c4d', 'a9f1c7b8-2e3d-4b6f-a2d4-9c8e7b3a5d1c', 'PENDING', ''),
    ('3c54e8f0-de7c-4ba3-a054-e8f0de7c3c4d', 'b4c9e2f7-3a1d-48b6-a5f9-7d1c3e8a2b4d', 'PENDING', ''),
    ('3c54e8f0-de7c-4ba3-a054-e8f0de7c3c4d', 'c8a1f9b7-4d3b-45e2-a7c9-6f3d1a2b7e4c', 'PENDING', ''),
    ('3c54e8f0-de7c-4ba3-a054-e8f0de7c3c4d', 'd2c7b8f9-1a4e-47d6-a3b2-9f8e3d1c7a5b', 'PENDING', ''),
    ('3c54e8f0-de7c-4ba3-a054-e8f0de7c3c4d', 'e9b1f2a3-7c6d-42d8-a4b7-3d2f9c8e7b1a', 'PENDING', ''),
    ('3c54e8f0-de7c-4ba3-a054-e8f0de7c3c4d', 'f3d2a7b9-1c4e-45b6-a8f2-7e9c1d3a6b8f', 'PENDING', ''),
    ('3c54e8f0-de7c-4ba3-a054-e8f0de7c3c4d', 'a7f9b2e8-4c1d-43b6-a3d9-8e2f7a5c1b6d', 'PENDING', ''),
    ('3c54e8f0-de7c-4ba3-a054-e8f0de7c3c4d', 'e4a3d7b1-9f6e-4c2d-a5f9-7b2a8d1c3f4e', 'PENDING', ''),
    ('3c54e8f0-de7c-4ba3-a054-e8f0de7c3c4d', 'b1f3a7e9-4c5d-42d6-a2f8-9c7e1a3b6d4e', 'PENDING', ''),
    ('3c54e8f0-de7c-4ba3-a054-e8f0de7c3c4d', 'c2b8a1e7-9f5d-43d6-a3c9-7e4f1b2a3d8e', 'PENDING', ''),
    ('3c54e8f0-de7c-4ba3-a054-e8f0de7c3c4d', 'f1a9e7c3-4b2d-42d8-a5f9-7c3d2a8b1e6f', 'PENDING', ''),
    ('3c54e8f0-de7c-4ba3-a054-e8f0de7c3c4d', 'e2c9b1a8-7f6d-41d6-a3f5-9d4b3e2a7c8f', 'PENDING', ''),
    ('3c54e8f0-de7c-4ba3-a054-e8f0de7c3c4d', 'd3a8b1f9-4c7e-49d6-a5f2-9b2e3c1a7d8f', 'PENDING', ''),
    ('3c54e8f0-de7c-4ba3-a054-e8f0de7c3c4d', 'f8a3c7b2-9e5d-41d6-a5f2-3c9b1a7e6d4f', 'PENDING', ''),
    ('3c54e8f0-de7c-4ba3-a054-e8f0de7c3c4d', 'e1f9b2a7-4c6d-43d8-a5f3-9c2a7d3e8b4f', 'PENDING', ''),
    ('3c54e8f0-de7c-4ba3-a054-e8f0de7c3c4d', 'd8c7b1f2-3a9e-41d6-a5f9-2c7e3b1a9d4f', 'PENDING', ''),
    ('3c54e8f0-de7c-4ba3-a054-e8f0de7c3c4d', 'b4f3a9c7-8d2e-47d6-a5f2-7e1c9a2b3d6f', 'PENDING', ''),
    ('3c54e8f0-de7c-4ba3-a054-e8f0de7c3c4d', 'f9e1a7c3-4d2b-41d8-a5f2-9c7e3a1b6d4f', 'PENDING', ''),
    ('3c54e8f0-de7c-4ba3-a054-e8f0de7c3c4d', 'e7a3c1f9-4b2d-41d6-a5f8-9c2e7b3a1d8f', 'PENDING', ''),
    ('3c54e8f0-de7c-4ba3-a054-e8f0de7c3c4d', 'a5f9b2e7-4d3c-42d8-a7f3-9c8e1b3a6d4f', 'PENDING', ''),
    ('3c54e8f0-de7c-4ba3-a054-e8f0de7c3c4d', 'e2b8f3a7-9c4d-47d6-a5f9-3b1a7c2e8d6f', 'PENDING', ''),
    ('3c54e8f0-de7c-4ba3-a054-e8f0de7c3c4d', 'f4b2e7c9-1d6a-49f8-a3b9-7c3e2a9d8f6b', 'PENDING', ''),
    ('3c54e8f0-de7c-4ba3-a054-e8f0de7c3c4d', 'd8a9f1b2-3c4e-42d6-a7f3-9b2e7c1a8f6d', 'PENDING', ''),
    ('3c54e8f0-de7c-4ba3-a054-e8f0de7c3c4d', 'e4c1b7f9-2a6d-49d6-a5f2-9c8e3a1d7b4f', 'PENDING', ''),
    ('3c54e8f0-de7c-4ba3-a054-e8f0de7c3c4d', 'b1f3a8d7-4c6e-45d2-a9f8-3e7c2a9d6b4f', 'PENDING', ''),
    ('3c54e8f0-de7c-4ba3-a054-e8f0de7c3c4d', 'd9e7a4c1-2b6f-41d8-a3f2-9b1a8c3d6f4e', 'PENDING', ''),
    ('3c54e8f0-de7c-4ba3-a054-e8f0de7c3c4d', 'f3a9e7c2-4b6d-42f8-a5b1-9c2e7d3a1f6b', 'PENDING', ''),
    ('3c54e8f0-de7c-4ba3-a054-e8f0de7c3c4d', 'e8b2f3a7-4c6d-41d8-a9f2-7c3b1a5e9d4f', 'PENDING', ''),
    ('3c54e8f0-de7c-4ba3-a054-e8f0de7c3c4d', 'b7e1a9f2-4d3c-42d8-a5f3-9c2e7a6b1d8f', 'PENDING', ''),
    ('3c54e8f0-de7c-4ba3-a054-e8f0de7c3c4d', 'e3a1b9f7-4c6d-43d2-a5f8-9c7e1a8b2d6f', 'PENDING', ''),
    ('3c54e8f0-de7c-4ba3-a054-e8f0de7c3c4d', 'd1a9b7e3-4c5d-42d6-a5f8-9b3e1a7c2d9f', 'PENDING', ''),
    ('3c54e8f0-de7c-4ba3-a054-e8f0de7c3c4d', 'f8a1c7b9-4e3d-42d6-a5f3-9b2e7c1a9d6f', 'PENDING', ''),
    ('3c54e8f0-de7c-4ba3-a054-e8f0de7c3c4d', 'e3c1b7a9-4d2f-42d6-a5f8-9b2a7c1e9d4f', 'PENDING', ''),
    ('3c54e8f0-de7c-4ba3-a054-e8f0de7c3c4d', 'd1e7a3b9-4c2f-42d8-a5f3-9c2b1a8e7d6f', 'PENDING', ''),
    ('3c54e8f0-de7c-4ba3-a054-e8f0de7c3c4d', 'e8a1b9f3-4d7c-42d6-a5f2-9c3e7a2b1d6f', 'PENDING', ''),
    ('3c54e8f0-de7c-4ba3-a054-e8f0de7c3c4d', 'f3e9b7a1-4c5d-42d8-a5f8-9c2a7d3e1b6f', 'PENDING', ''),
    ('3c54e8f0-de7c-4ba3-a054-e8f0de7c3c4d', 'd9a1f7b3-4c2d-42d6-a5f3-9b1a8c7e2d9f', 'PENDING', ''),
    ('3c54e8f0-de7c-4ba3-a054-e8f0de7c3c4d', 'f1e7a3b9-4c5d-42d6-a5f2-9c2a7b1d8e6f', 'PENDING', ''),
    ('4d45f9f1-ef8d-4cb4-b145-f9f1ef8d4d5e', 'd568a98e-4a1d-43d2-a8a9-8e4a1db3d269', 'PENDING', ''),
    ('4d45f9f1-ef8d-4cb4-b145-f9f1ef8d4d5e', 'e2f49b37-7c14-49d1-a6f2-9a2c34e57b18', 'PENDING', ''),
    ('4d45f9f1-ef8d-4cb4-b145-f9f1ef8d4d5e', 'f3a1c8b9-5e2d-4b6c-a7d3-8f2b9e4a37c9', 'PENDING', ''),
    ('4d45f9f1-ef8d-4cb4-b145-f9f1ef8d4d5e', 'a4e2c9d7-8b12-45d1-a3f6-7e9b2f4c8d53', 'PENDING', ''),
    ('4d45f9f1-ef8d-4cb4-b145-f9f1ef8d4d5e', 'c7b8e2f9-6a3d-41b2-a4c8-9d5e2b1f7a4e', 'PENDING', ''),
    ('4d45f9f1-ef8d-4cb4-b145-f9f1ef8d4d5e', 'd1f7a2e8-9c3b-42d1-a6b7-8f4e9a5c3d7b', 'PENDING', ''),
    ('4d45f9f1-ef8d-4cb4-b145-f9f1ef8d4d5e', 'e4c9b1f2-3a8d-47d6-a2b7-9f3c8d7a1e6b', 'PENDING', ''),
    ('4d45f9f1-ef8d-4cb4-b145-f9f1ef8d4d5e', 'f6a3b9e2-8d2b-4c7d-a5f9-2e3a7b1c9d4e', 'PENDING', ''),
    ('4d45f9f1-ef8d-4cb4-b145-f9f1ef8d4d5e', 'a9f1c7b8-2e3d-4b6f-a2d4-9c8e7b3a5d1c', 'PENDING', ''),
    ('4d45f9f1-ef8d-4cb4-b145-f9f1ef8d4d5e', 'b4c9e2f7-3a1d-48b6-a5f9-7d1c3e8a2b4d', 'PENDING', ''),
    ('4d45f9f1-ef8d-4cb4-b145-f9f1ef8d4d5e', 'c8a1f9b7-4d3b-45e2-a7c9-6f3d1a2b7e4c', 'PENDING', ''),
    ('4d45f9f1-ef8d-4cb4-b145-f9f1ef8d4d5e', 'd2c7b8f9-1a4e-47d6-a3b2-9f8e3d1c7a5b', 'PENDING', ''),
    ('4d45f9f1-ef8d-4cb4-b145-f9f1ef8d4d5e', 'e9b1f2a3-7c6d-42d8-a4b7-3d2f9c8e7b1a', 'PENDING', ''),
    ('4d45f9f1-ef8d-4cb4-b145-f9f1ef8d4d5e', 'f3d2a7b9-1c4e-45b6-a8f2-7e9c1d3a6b8f', 'PENDING', ''),
    ('4d45f9f1-ef8d-4cb4-b145-f9f1ef8d4d5e', 'a7f9b2e8-4c1d-43b6-a3d9-8e2f7a5c1b6d', 'PENDING', ''),
    ('4d45f9f1-ef8d-4cb4-b145-f9f1ef8d4d5e', 'e4a3d7b1-9f6e-4c2d-a5f9-7b2a8d1c3f4e', 'PENDING', ''),
    ('4d45f9f1-ef8d-4cb4-b145-f9f1ef8d4d5e', 'b1f3a7e9-4c5d-42d6-a2f8-9c7e1a3b6d4e', 'PENDING', ''),
    ('4d45f9f1-ef8d-4cb4-b145-f9f1ef8d4d5e', 'c2b8a1e7-9f5d-43d6-a3c9-7e4f1b2a3d8e', 'PENDING', ''),
    ('4d45f9f1-ef8d-4cb4-b145-f9f1ef8d4d5e', 'f1a9e7c3-4b2d-42d8-a5f9-7c3d2a8b1e6f', 'PENDING', ''),
    ('4d45f9f1-ef8d-4cb4-b145-f9f1ef8d4d5e', 'e2c9b1a8-7f6d-41d6-a3f5-9d4b3e2a7c8f', 'PENDING', ''),
    ('4d45f9f1-ef8d-4cb4-b145-f9f1ef8d4d5e', 'd3a8b1f9-4c7e-49d6-a5f2-9b2e3c1a7d8f', 'PENDING', ''),
    ('4d45f9f1-ef8d-4cb4-b145-f9f1ef8d4d5e', 'f8a3c7b2-9e5d-41d6-a5f2-3c9b1a7e6d4f', 'PENDING', ''),
    ('4d45f9f1-ef8d-4cb4-b145-f9f1ef8d4d5e', 'e1f9b2a7-4c6d-43d8-a5f3-9c2a7d3e8b4f', 'PENDING', ''),
    ('4d45f9f1-ef8d-4cb4-b145-f9f1ef8d4d5e', 'd8c7b1f2-3a9e-41d6-a5f9-2c7e3b1a9d4f', 'PENDING', ''),
    ('4d45f9f1-ef8d-4cb4-b145-f9f1ef8d4d5e', 'b4f3a9c7-8d2e-47d6-a5f2-7e1c9a2b3d6f', 'PENDING', ''),
    ('4d45f9f1-ef8d-4cb4-b145-f9f1ef8d4d5e', 'f9e1a7c3-4d2b-41d8-a5f2-9c7e3a1b6d4f', 'PENDING', ''),
    ('4d45f9f1-ef8d-4cb4-b145-f9f1ef8d4d5e', 'e7a3c1f9-4b2d-41d6-a5f8-9c2e7b3a1d8f', 'PENDING', ''),
    ('4d45f9f1-ef8d-4cb4-b145-f9f1ef8d4d5e', 'a5f9b2e7-4d3c-42d8-a7f3-9c8e1b3a6d4f', 'PENDING', ''),
    ('4d45f9f1-ef8d-4cb4-b145-f9f1ef8d4d5e', 'e2b8f3a7-9c4d-47d6-a5f9-3b1a7c2e8d6f', 'PENDING', ''),
    ('4d45f9f1-ef8d-4cb4-b145-f9f1ef8d4d5e', 'f4b2e7c9-1d6a-49f8-a3b9-7c3e2a9d8f6b', 'PENDING', ''),
    ('4d45f9f1-ef8d-4cb4-b145-f9f1ef8d4d5e', 'd8a9f1b2-3c4e-42d6-a7f3-9b2e7c1a8f6d', 'PENDING', ''),
    ('4d45f9f1-ef8d-4cb4-b145-f9f1ef8d4d5e', 'e4c1b7f9-2a6d-49d6-a5f2-9c8e3a1d7b4f', 'PENDING', ''),
    ('4d45f9f1-ef8d-4cb4-b145-f9f1ef8d4d5e', 'b1f3a8d7-4c6e-45d2-a9f8-3e7c2a9d6b4f', 'PENDING', ''),
    ('4d45f9f1-ef8d-4cb4-b145-f9f1ef8d4d5e', 'd9e7a4c1-2b6f-41d8-a3f2-9b1a8c3d6f4e', 'PENDING', ''),
    ('4d45f9f1-ef8d-4cb4-b145-f9f1ef8d4d5e', 'f3a9e7c2-4b6d-42f8-a5b1-9c2e7d3a1f6b', 'PENDING', ''),
    ('4d45f9f1-ef8d-4cb4-b145-f9f1ef8d4d5e', 'e8b2f3a7-4c6d-41d8-a9f2-7c3b1a5e9d4f', 'PENDING', ''),
    ('4d45f9f1-ef8d-4cb4-b145-f9f1ef8d4d5e', 'b7e1a9f2-4d3c-42d8-a5f3-9c2e7a6b1d8f', 'PENDING', ''),
    ('4d45f9f1-ef8d-4cb4-b145-f9f1ef8d4d5e', 'e3a1b9f7-4c6d-43d2-a5f8-9c7e1a8b2d6f', 'PENDING', ''),
    ('4d45f9f1-ef8d-4cb4-b145-f9f1ef8d4d5e', 'd1a9b7e3-4c5d-42d6-a5f8-9b3e1a7c2d9f', 'PENDING', ''),
    ('4d45f9f1-ef8d-4cb4-b145-f9f1ef8d4d5e', 'f8a1c7b9-4e3d-42d6-a5f3-9b2e7c1a9d6f', 'PENDING', ''),
    ('4d45f9f1-ef8d-4cb4-b145-f9f1ef8d4d5e', 'e3c1b7a9-4d2f-42d6-a5f8-9b2a7c1e9d4f', 'PENDING', ''),
    ('4d45f9f1-ef8d-4cb4-b145-f9f1ef8d4d5e', 'd1e7a3b9-4c2f-42d8-a5f3-9c2b1a8e7d6f', 'PENDING', ''),
    ('4d45f9f1-ef8d-4cb4-b145-f9f1ef8d4d5e', 'e8a1b9f3-4d7c-42d6-a5f2-9c3e7a2b1d6f', 'PENDING', ''),
    ('4d45f9f1-ef8d-4cb4-b145-f9f1ef8d4d5e', 'f3e9b7a1-4c5d-42d8-a5f8-9c2a7d3e1b6f', 'PENDING', ''),
    ('4d45f9f1-ef8d-4cb4-b145-f9f1ef8d4d5e', 'd9a1f7b3-4c2d-42d6-a5f3-9b1a8c7e2d9f', 'PENDING', ''),
    ('4d45f9f1-ef8d-4cb4-b145-f9f1ef8d4d5e', 'f1e7a3b9-4c5d-42d6-a5f2-9c2a7b1d8e6f', 'PENDING', ''),
    ('2b63d7e9-cf6b-4a92-9e63-d7e9cf6b2b3c', 'd568a98e-4a1d-43d2-a8a9-8e4a1db3d269', 'PENDING', ''),
    ('2b63d7e9-cf6b-4a92-9e63-d7e9cf6b2b3c', 'e2f49b37-7c14-49d1-a6f2-9a2c34e57b18', 'PENDING', ''),
    ('2b63d7e9-cf6b-4a92-9e63-d7e9cf6b2b3c', 'f3a1c8b9-5e2d-4b6c-a7d3-8f2b9e4a37c9', 'PENDING', ''),
    ('2b63d7e9-cf6b-4a92-9e63-d7e9cf6b2b3c', 'a4e2c9d7-8b12-45d1-a3f6-7e9b2f4c8d53', 'PENDING', ''),
    ('2b63d7e9-cf6b-4a92-9e63-d7e9cf6b2b3c', 'c7b8e2f9-6a3d-41b2-a4c8-9d5e2b1f7a4e', 'PENDING', ''),
    ('2b63d7e9-cf6b-4a92-9e63-d7e9cf6b2b3c', 'd1f7a2e8-9c3b-42d1-a6b7-8f4e9a5c3d7b', 'PENDING', ''),
    ('2b63d7e9-cf6b-4a92-9e63-d7e9cf6b2b3c', 'e4c9b1f2-3a8d-47d6-a2b7-9f3c8d7a1e6b', 'PENDING', ''),
    ('2b63d7e9-cf6b-4a92-9e63-d7e9cf6b2b3c', 'f6a3b9e2-8d2b-4c7d-a5f9-2e3a7b1c9d4e', 'PENDING', ''),
    ('2b63d7e9-cf6b-4a92-9e63-d7e9cf6b2b3c', 'a9f1c7b8-2e3d-4b6f-a2d4-9c8e7b3a5d1c', 'PENDING', ''),
    ('2b63d7e9-cf6b-4a92-9e63-d7e9cf6b2b3c', 'b4c9e2f7-3a1d-48b6-a5f9-7d1c3e8a2b4d', 'PENDING', ''),
    ('2b63d7e9-cf6b-4a92-9e63-d7e9cf6b2b3c', 'c8a1f9b7-4d3b-45e2-a7c9-6f3d1a2b7e4c', 'PENDING', ''),
    ('2b63d7e9-cf6b-4a92-9e63-d7e9cf6b2b3c', 'd2c7b8f9-1a4e-47d6-a3b2-9f8e3d1c7a5b', 'PENDING', ''),
    ('2b63d7e9-cf6b-4a92-9e63-d7e9cf6b2b3c', 'e9b1f2a3-7c6d-42d8-a4b7-3d2f9c8e7b1a', 'PENDING', ''),
    ('2b63d7e9-cf6b-4a92-9e63-d7e9cf6b2b3c', 'f3d2a7b9-1c4e-45b6-a8f2-7e9c1d3a6b8f', 'PENDING', ''),
    ('2b63d7e9-cf6b-4a92-9e63-d7e9cf6b2b3c', 'a7f9b2e8-4c1d-43b6-a3d9-8e2f7a5c1b6d', 'PENDING', ''),
    ('2b63d7e9-cf6b-4a92-9e63-d7e9cf6b2b3c', 'e4a3d7b1-9f6e-4c2d-a5f9-7b2a8d1c3f4e', 'PENDING', ''),
    ('2b63d7e9-cf6b-4a92-9e63-d7e9cf6b2b3c', 'b1f3a7e9-4c5d-42d6-a2f8-9c7e1a3b6d4e', 'PENDING', ''),
    ('2b63d7e9-cf6b-4a92-9e63-d7e9cf6b2b3c', 'c2b8a1e7-9f5d-43d6-a3c9-7e4f1b2a3d8e', 'PENDING', ''),
    ('2b63d7e9-cf6b-4a92-9e63-d7e9cf6b2b3c', 'f1a9e7c3-4b2d-42d8-a5f9-7c3d2a8b1e6f', 'PENDING', ''),
    ('2b63d7e9-cf6b-4a92-9e63-d7e9cf6b2b3c', 'e2c9b1a8-7f6d-41d6-a3f5-9d4b3e2a7c8f', 'PENDING', ''),
    ('2b63d7e9-cf6b-4a92-9e63-d7e9cf6b2b3c', 'd3a8b1f9-4c7e-49d6-a5f2-9b2e3c1a7d8f', 'PENDING', ''),
    ('2b63d7e9-cf6b-4a92-9e63-d7e9cf6b2b3c', 'f8a3c7b2-9e5d-41d6-a5f2-3c9b1a7e6d4f', 'PENDING', ''),
    ('2b63d7e9-cf6b-4a92-9e63-d7e9cf6b2b3c', 'e1f9b2a7-4c6d-43d8-a5f3-9c2a7d3e8b4f', 'PENDING', ''),
    ('2b63d7e9-cf6b-4a92-9e63-d7e9cf6b2b3c', 'd8c7b1f2-3a9e-41d6-a5f9-2c7e3b1a9d4f', 'PENDING', ''),
    ('2b63d7e9-cf6b-4a92-9e63-d7e9cf6b2b3c', 'b4f3a9c7-8d2e-47d6-a5f2-7e1c9a2b3d6f', 'PENDING', ''),
    ('2b63d7e9-cf6b-4a92-9e63-d7e9cf6b2b3c', 'f9e1a7c3-4d2b-41d8-a5f2-9c7e3a1b6d4f', 'PENDING', ''),
    ('2b63d7e9-cf6b-4a92-9e63-d7e9cf6b2b3c', 'e7a3c1f9-4b2d-41d6-a5f8-9c2e7b3a1d8f', 'PENDING', ''),
    ('2b63d7e9-cf6b-4a92-9e63-d7e9cf6b2b3c', 'a5f9b2e7-4d3c-42d8-a7f3-9c8e1b3a6d4f', 'PENDING', ''),
    ('2b63d7e9-cf6b-4a92-9e63-d7e9cf6b2b3c', 'e2b8f3a7-9c4d-47d6-a5f9-3b1a7c2e8d6f', 'PENDING', ''),
    ('2b63d7e9-cf6b-4a92-9e63-d7e9cf6b2b3c', 'f4b2e7c9-1d6a-49f8-a3b9-7c3e2a9d8f6b', 'PENDING', ''),
    ('2b63d7e9-cf6b-4a92-9e63-d7e9cf6b2b3c', 'd8a9f1b2-3c4e-42d6-a7f3-9b2e7c1a8f6d', 'PENDING', ''),
    ('2b63d7e9-cf6b-4a92-9e63-d7e9cf6b2b3c', 'e4c1b7f9-2a6d-49d6-a5f2-9c8e3a1d7b4f', 'PENDING', ''),
    ('2b63d7e9-cf6b-4a92-9e63-d7e9cf6b2b3c', 'b1f3a8d7-4c6e-45d2-a9f8-3e7c2a9d6b4f', 'PENDING', ''),
    ('2b63d7e9-cf6b-4a92-9e63-d7e9cf6b2b3c', 'd9e7a4c1-2b6f-41d8-a3f2-9b1a8c3d6f4e', 'PENDING', ''),
    ('2b63d7e9-cf6b-4a92-9e63-d7e9cf6b2b3c', 'f3a9e7c2-4b6d-42f8-a5b1-9c2e7d3a1f6b', 'PENDING', ''),
    ('2b63d7e9-cf6b-4a92-9e63-d7e9cf6b2b3c', 'e8b2f3a7-4c6d-41d8-a9f2-7c3b1a5e9d4f', 'PENDING', ''),
    ('2b63d7e9-cf6b-4a92-9e63-d7e9cf6b2b3c', 'b7e1a9f2-4d3c-42d8-a5f3-9c2e7a6b1d8f', 'PENDING', ''),
    ('2b63d7e9-cf6b-4a92-9e63-d7e9cf6b2b3c', 'e3a1b9f7-4c6d-43d2-a5f8-9c7e1a8b2d6f', 'PENDING', ''),
    ('2b63d7e9-cf6b-4a92-9e63-d7e9cf6b2b3c', 'd1a9b7e3-4c5d-42d6-a5f8-9b3e1a7c2d9f', 'PENDING', ''),
    ('2b63d7e9-cf6b-4a92-9e63-d7e9cf6b2b3c', 'f8a1c7b9-4e3d-42d6-a5f3-9b2e7c1a9d6f', 'PENDING', ''),
    ('2b63d7e9-cf6b-4a92-9e63-d7e9cf6b2b3c', 'e3c1b7a9-4d2f-42d6-a5f8-9b2a7c1e9d4f', 'PENDING', ''),
    ('2b63d7e9-cf6b-4a92-9e63-d7e9cf6b2b3c', 'd1e7a3b9-4c2f-42d8-a5f3-9c2b1a8e7d6f', 'PENDING', ''),
    ('2b63d7e9-cf6b-4a92-9e63-d7e9cf6b2b3c', 'e8a1b9f3-4d7c-42d6-a5f2-9c3e7a2b1d6f', 'PENDING', ''),
    ('2b63d7e9-cf6b-4a92-9e63-d7e9cf6b2b3c', 'f3e9b7a1-4c5d-42d8-a5f8-9c2a7d3e1b6f', 'PENDING', ''),
    ('2b63d7e9-cf6b-4a92-9e63-d7e9cf6b2b3c', 'd9a1f7b3-4c2d-42d6-a5f3-9b1a8c7e2d9f', 'PENDING', ''),
    ('2b63d7e9-cf6b-4a92-9e63-d7e9cf6b2b3c', 'f1e7a3b9-4c5d-42d6-a5f2-9c2a7b1d8e6f', 'PENDING', '');
